{"Name":"Yanakiev Enterprise","Tasks":[{"Title":"fix something","Departments":["Human Resources","Support"],"EmployeesAssigned":[{"Id":5,"SSN":"618-48-0459","FirstName":"Fr\u00E9d\u00E9rique","LastName":"Douthwaite","Gender":"","StreetName":"Shopko","StreetNumber":27314,"Zipcode":"4288 UB","City":"Cibeureum","Email":"rdouthwaite4@goo.gl","Department":"Support"}],"Status":"In Progress","Deadline":"2023-01-12T21:17:18.4254097+02:00","Author":"boss","Description":"fix it"}],"Employees":[{"Id":1,"SSN":"454-86-2370","FirstName":"Annot\u00E9e","LastName":"Rooson","Gender":"Female","StreetName":"6th","StreetNumber":95,"Zipcode":"8798 FI","City":"Novonukutskiy","Email":"rrooson0@dion.ne.jp","Department":"Services"},{"Id":2,"SSN":"199-79-6920","FirstName":"Marie-no\u00EBl","LastName":"Stickney","Gender":"Female","StreetName":"Sommers","StreetNumber":16,"Zipcode":"4147 HU","City":"Ochojno","Email":"jstickney1@dmoz.org","Department":"Sales"},{"Id":3,"SSN":"789-24-4921","FirstName":"K\u00F9","LastName":"Eggins","Gender":"Female","StreetName":"Golf View","StreetNumber":22261,"Zipcode":"9217 DJ","City":"Belgrade","Email":"yeggins2@google.cn","Department":"Accounting"},{"Id":4,"SSN":"791-29-7929","FirstName":"L\u00E9onore","LastName":"Maty","Gender":"Female","StreetName":"Raven","StreetNumber":51,"Zipcode":"3255 KE","City":"Hradec Kr\u00E1lov\u00E9","Email":"mmaty3@pen.io","Department":"Training"},{"Id":5,"SSN":"618-48-0459","FirstName":"Fr\u00E9d\u00E9rique","LastName":"Douthwaite","Gender":"","StreetName":"Shopko","StreetNumber":27314,"Zipcode":"4288 UB","City":"Cibeureum","Email":"rdouthwaite4@goo.gl","Department":"Support"},{"Id":6,"SSN":"250-43-8173","FirstName":"Jos\u00E9phine","LastName":"Newarte","Gender":"Female","StreetName":"Cardinal","StreetNumber":49999,"Zipcode":"4712 IY","City":"El Benque","Email":"snewarte5@flavors.me","Department":"Research and Development"},{"Id":7,"SSN":"291-62-5475","FirstName":"V\u00E9ronique","LastName":"Nelthorp","Gender":"Female","StreetName":"Nancy","StreetNumber":9,"Zipcode":"7136 IG","City":"Burgos","Email":"onelthorp6@flavors.me","Department":"Training"},{"Id":8,"SSN":"832-15-9507","FirstName":"Alm\u00E9rinda","LastName":"Vicary","Gender":"Male","StreetName":"Park Meadow","StreetNumber":64032,"Zipcode":"7115 XA","City":"Deden\u00EBvo","Email":"svicary7@yahoo.com","Department":"Product Management"},{"Id":9,"SSN":"144-99-5120","FirstName":"Cam\u00E9lia","LastName":"Smallpeice","Gender":"Female","StreetName":"Loftsgordon","StreetNumber":52,"Zipcode":"0483 XD","City":"Tula","Email":"vsmallpeice8@ycombinator.com","Department":"Research and Development"},{"Id":10,"SSN":"545-48-6842","FirstName":"Audr\u00E9anne","LastName":"Cruces","Gender":"Male","StreetName":"Lukken","StreetNumber":2,"Zipcode":"6143 XA","City":"Kpalim\u00E9","Email":"bcruces9@so-net.ne.jp","Department":"Legal"},{"Id":11,"SSN":"531-36-4208","FirstName":"Ku\u00ED","LastName":"Lydiard","Gender":"Male","StreetName":"Walton","StreetNumber":925,"Zipcode":"3046 BC","City":"Santiago de Chuco","Email":"elydiarda@senate.gov","Department":"Marketing"},{"Id":12,"SSN":"279-21-8122","FirstName":"M\u00E9n","LastName":"Beattie","Gender":"Male","StreetName":"Summit","StreetNumber":670,"Zipcode":"8983 ZM","City":"Tintafor","Email":"bbeattieb@upenn.edu","Department":"Product Management"},{"Id":13,"SSN":"713-24-1483","FirstName":"M\u00E5rten","LastName":"Giorgio","Gender":"Female","StreetName":"Marquette","StreetNumber":60846,"Zipcode":"5068 KV","City":"T\u2019et\u2019ri Tsqaro","Email":"sgiorgioc@quantcast.com","Department":"Accounting"},{"Id":14,"SSN":"866-43-9434","FirstName":"Annot\u00E9s","LastName":"Ickovits","Gender":"Male","StreetName":"Riverside","StreetNumber":37,"Zipcode":"9963 JC","City":"Wanmao","Email":"cickovitsd@i2i.jp","Department":"Accounting"},{"Id":15,"SSN":"374-02-9859","FirstName":"M\u00E4rta","LastName":"Varian","Gender":"Male","StreetName":"Tomscot","StreetNumber":9962,"Zipcode":"5847 CK","City":"Watsa","Email":"pvariane@toplist.cz","Department":"Accounting"},{"Id":16,"SSN":"707-80-1885","FirstName":"Mil\u00E9na","LastName":"Pickover","Gender":"Female","StreetName":"Crownhardt","StreetNumber":35,"Zipcode":"0496 OT","City":"Sarangmeduro","Email":"rpickoverf@europa.eu","Department":"Sales"},{"Id":17,"SSN":"224-79-4110","FirstName":"La\u00EFla","LastName":"Mussetti","Gender":"Female","StreetName":"Lakewood","StreetNumber":5270,"Zipcode":"1455 ID","City":"T\u00E9nenkou","Email":"rmussettig@reddit.com","Department":"Sales"},{"Id":18,"SSN":"684-48-4047","FirstName":"M\u00E9diamass","LastName":"Genge","Gender":"Male","StreetName":"Linden","StreetNumber":365,"Zipcode":"4631 BL","City":"Vesel\u00ED nad Lu\u017Enic\u00ED","Email":"ggengeh@alibaba.com","Department":"Services"},{"Id":19,"SSN":"857-26-6027","FirstName":"T\u00E1ng","LastName":"Gilbee","Gender":"Female","StreetName":"Anderson","StreetNumber":9926,"Zipcode":"5029 CH","City":"Jimusa\u2019er","Email":"cgilbeei@archive.org","Department":"Engineering"},{"Id":20,"SSN":"239-58-1156","FirstName":"Ana\u00E9","LastName":"Kerslake","Gender":"","StreetName":"Raven","StreetNumber":192,"Zipcode":"0242 UU","City":"Zharr\u00EBz","Email":"gkerslakej@wired.com","Department":"Services"},{"Id":21,"SSN":"859-48-4302","FirstName":"Cl\u00E9opatre","LastName":"Ferraretto","Gender":"Male","StreetName":"Beilfuss","StreetNumber":3,"Zipcode":"4649 XA","City":"Handegate","Email":"aferrarettok@ehow.com","Department":"Accounting"},{"Id":22,"SSN":"588-91-1919","FirstName":"Annot\u00E9s","LastName":"Gosland","Gender":"Male","StreetName":"Esch","StreetNumber":5,"Zipcode":"3723 WY","City":"Longlisuo","Email":"dgoslandl@meetup.com","Department":"Marketing"},{"Id":23,"SSN":"384-63-5643","FirstName":"T\u00E1n","LastName":"Gledhill","Gender":"Female","StreetName":"Pennsylvania","StreetNumber":6,"Zipcode":"0170 LY","City":"Yelizavetinskaya","Email":"tgledhillm@alibaba.com","Department":"Business Development"},{"Id":24,"SSN":"339-51-4869","FirstName":"V\u00E9ronique","LastName":"Antic","Gender":"Male","StreetName":"Red Cloud","StreetNumber":527,"Zipcode":"4264 LH","City":"Vishnyeva","Email":"tanticn@pen.io","Department":"Marketing"},{"Id":25,"SSN":"639-26-4110","FirstName":"M\u00E0","LastName":"Morshead","Gender":"Female","StreetName":"Old Shore","StreetNumber":8716,"Zipcode":"2319 TQ","City":"Velikiy Novgorod","Email":"kmorsheado@sakura.ne.jp","Department":"Support"},{"Id":26,"SSN":"469-97-0996","FirstName":"P\u00E5l","LastName":"Pirouet","Gender":"Female","StreetName":"Dottie","StreetNumber":8,"Zipcode":"8924 QY","City":"Mosoc Llacta","Email":"vpirouetp@accuweather.com","Department":"Legal"},{"Id":27,"SSN":"836-91-3016","FirstName":"Y\u00E9nora","LastName":"Hawtrey","Gender":"Female","StreetName":"Fulton","StreetNumber":32231,"Zipcode":"1148 ZK","City":"Daveluyville","Email":"yhawtreyq@liveinternet.ru","Department":"Services"},{"Id":28,"SSN":"649-93-6918","FirstName":"No\u00EBlla","LastName":"Carnachen","Gender":"Female","StreetName":"Johnson","StreetNumber":671,"Zipcode":"9838 XY","City":"Pecka","Email":"dcarnachenr@barnesandnoble.com","Department":"Product Management"},{"Id":29,"SSN":"201-24-6529","FirstName":"Ana\u00E9","LastName":"Rogeron","Gender":"","StreetName":"Florence","StreetNumber":9471,"Zipcode":"7229 TJ","City":"Mishan","Email":"nrogerons@nationalgeographic.com","Department":"Sales"},{"Id":30,"SSN":"203-22-9238","FirstName":"\u00D6sten","LastName":"Creevy","Gender":"Male","StreetName":"Russell","StreetNumber":6753,"Zipcode":"1198 KC","City":"Sabae","Email":"acreevyt@ed.gov","Department":"Accounting"},{"Id":31,"SSN":"569-78-9277","FirstName":"El\u00E9onore","LastName":"Bott","Gender":"Female","StreetName":"Express","StreetNumber":96775,"Zipcode":"5274 JV","City":"Hagi","Email":"sbottu@cnn.com","Department":"Training"},{"Id":32,"SSN":"599-34-2318","FirstName":"Andr\u00E9a","LastName":"Drinkeld","Gender":"Male","StreetName":"Forest Run","StreetNumber":3,"Zipcode":"7881 DJ","City":"Guj\u014D","Email":"gdrinkeldv@goo.gl","Department":"Support"},{"Id":33,"SSN":"203-56-5027","FirstName":"Ma\u00EBlys","LastName":"Maxted","Gender":"Male","StreetName":"Laurel","StreetNumber":935,"Zipcode":"4886 TP","City":"Chalu","Email":"vmaxtedw@meetup.com","Department":"Human Resources"},{"Id":34,"SSN":"794-06-6597","FirstName":"St\u00E9phanie","LastName":"Dyet","Gender":"Male","StreetName":"Blue Bill Park","StreetNumber":63,"Zipcode":"2458 RT","City":"Linton","Email":"jdyetx@go.com","Department":"Marketing"},{"Id":35,"SSN":"645-71-1375","FirstName":"Ga\u00EBlle","LastName":"Jiracek","Gender":"Female","StreetName":"Oak","StreetNumber":63078,"Zipcode":"5429 ZA","City":"Diaoling","Email":"hjiraceky@bbc.co.uk","Department":"Legal"},{"Id":36,"SSN":"878-96-5524","FirstName":"R\u00E1o","LastName":"Emms","Gender":"Female","StreetName":"Karstens","StreetNumber":13,"Zipcode":"4203 UY","City":"Porto Calvo","Email":"aemmsz@utexas.edu","Department":"Engineering"},{"Id":37,"SSN":"819-06-3285","FirstName":"C\u00E9lestine","LastName":"Mackleden","Gender":"Male","StreetName":"Waxwing","StreetNumber":2,"Zipcode":"8526 YF","City":"Artesian\u00F3n","Email":"hmackleden10@youtu.be","Department":"Human Resources"},{"Id":38,"SSN":"672-92-3784","FirstName":"Nad\u00E8ge","LastName":"Russ","Gender":"Male","StreetName":"Judy","StreetNumber":982,"Zipcode":"4411 LB","City":"Quebradas","Email":"sruss11@biblegateway.com","Department":"Human Resources"},{"Id":39,"SSN":"604-03-6915","FirstName":"M\u00E0","LastName":"De-Ville","Gender":"Male","StreetName":"La Follette","StreetNumber":5,"Zipcode":"5878 VY","City":"Los Tangos","Email":"edeville12@princeton.edu","Department":"Sales"},{"Id":40,"SSN":"474-75-4959","FirstName":"Dani\u00E8le","LastName":"Curneen","Gender":"Female","StreetName":"Paget","StreetNumber":11030,"Zipcode":"3829 YT","City":"Xiangfu","Email":"ocurneen13@opensource.org","Department":"Product Management"},{"Id":41,"SSN":"647-55-2391","FirstName":"No\u00E9mie","LastName":"Martinetto","Gender":"Male","StreetName":"Forest Run","StreetNumber":82,"Zipcode":"6691 JV","City":"Junchuan","Email":"jmartinetto14@cbsnews.com","Department":"Marketing"},{"Id":42,"SSN":"672-52-8133","FirstName":"Nad\u00E8ge","LastName":"Peasegood","Gender":"Male","StreetName":"Sycamore","StreetNumber":0,"Zipcode":"7758 DH","City":"Malinaw","Email":"speasegood15@goo.ne.jp","Department":"Business Development"},{"Id":43,"SSN":"844-56-0498","FirstName":"Ma\u00EBlyss","LastName":"Smillie","Gender":"Female","StreetName":"Washington","StreetNumber":881,"Zipcode":"6079 ZO","City":"Acopiara","Email":"rsmillie16@theatlantic.com","Department":"Marketing"},{"Id":44,"SSN":"815-69-6228","FirstName":"Lo\u00EFc","LastName":"Prawle","Gender":"Male","StreetName":"Hintze","StreetNumber":39733,"Zipcode":"5383 ZJ","City":"Jiaokui","Email":"yprawle17@shop-pro.jp","Department":"Sales"},{"Id":45,"SSN":"894-64-8495","FirstName":"G\u00E9rald","LastName":"Jakubowicz","Gender":"Female","StreetName":"Eastwood","StreetNumber":861,"Zipcode":"4344 UV","City":"Zhongba","Email":"ljakubowicz18@goodreads.com","Department":"Training"},{"Id":46,"SSN":"826-25-1328","FirstName":"Ma\u00EBly","LastName":"Heephy","Gender":"Male","StreetName":"Buell","StreetNumber":652,"Zipcode":"6357 TL","City":"Veshnyaki","Email":"dheephy19@xinhuanet.com","Department":"Accounting"},{"Id":47,"SSN":"337-44-6215","FirstName":"L\u00E9andre","LastName":"Munnis","Gender":"Male","StreetName":"Fuller","StreetNumber":330,"Zipcode":"2190 FK","City":"Minh Long","Email":"smunnis1a@dell.com","Department":"Product Management"},{"Id":48,"SSN":"679-38-3654","FirstName":"N\u00E9lie","LastName":"Leworthy","Gender":"Female","StreetName":"Eagan","StreetNumber":7821,"Zipcode":"7412 LN","City":"Mutengene","Email":"tleworthy1b@naver.com","Department":"Business Development"},{"Id":49,"SSN":"603-94-1451","FirstName":"Ana\u00E9","LastName":"Pagel","Gender":"Male","StreetName":"Paget","StreetNumber":2415,"Zipcode":"3136 GN","City":"Patos Fshat","Email":"ppagel1c@bbc.co.uk","Department":"Legal"},{"Id":50,"SSN":"865-54-6627","FirstName":"Annot\u00E9s","LastName":"Hurich","Gender":"","StreetName":"Milwaukee","StreetNumber":225,"Zipcode":"8116 FX","City":"Samal","Email":"thurich1d@technorati.com","Department":"Engineering"},{"Id":51,"SSN":"600-36-8407","FirstName":"Andr\u00E9","LastName":"Braitling","Gender":"Male","StreetName":"Kinsman","StreetNumber":70034,"Zipcode":"8363 HF","City":"Callao","Email":"rbraitling1e@friendfeed.com","Department":"Sales"},{"Id":52,"SSN":"264-29-6138","FirstName":"G\u00E9rald","LastName":"Bruneton","Gender":"Female","StreetName":"Garrison","StreetNumber":388,"Zipcode":"2809 OB","City":"Isla","Email":"ibruneton1f@qq.com","Department":"Legal"},{"Id":53,"SSN":"734-50-1066","FirstName":"P\u00E9lagie","LastName":"Molan","Gender":"Male","StreetName":"Vermont","StreetNumber":6943,"Zipcode":"4224 JZ","City":"Coripata","Email":"nmolan1g@army.mil","Department":"Product Management"},{"Id":54,"SSN":"349-08-2987","FirstName":"Y\u00F3u","LastName":"Ingham","Gender":"Female","StreetName":"Southridge","StreetNumber":6,"Zipcode":"9067 BL","City":"Klippan","Email":"aingham1h@angelfire.com","Department":"Accounting"},{"Id":55,"SSN":"254-85-5439","FirstName":"B\u00E9n\u00E9dicte","LastName":"Delahunty","Gender":"Male","StreetName":"Merchant","StreetNumber":19,"Zipcode":"7901 QE","City":"Orillia","Email":"hdelahunty1i@miibeian.gov.cn","Department":"Accounting"},{"Id":56,"SSN":"683-59-7503","FirstName":"Gis\u00E8le","LastName":"Agnew","Gender":"Female","StreetName":"Onsgard","StreetNumber":47,"Zipcode":"8434 UA","City":"Kampungladang","Email":"fagnew1j@yellowbook.com","Department":"Marketing"},{"Id":57,"SSN":"419-48-5516","FirstName":"C\u00E9lestine","LastName":"Posthill","Gender":"Male","StreetName":"Pearson","StreetNumber":47095,"Zipcode":"1248 DB","City":"Amiens","Email":"aposthill1k@economist.com","Department":"Human Resources"},{"Id":58,"SSN":"489-87-8606","FirstName":"M\u00E9gane","LastName":"Worden","Gender":"Female","StreetName":"Gale","StreetNumber":7,"Zipcode":"7421 ZL","City":"Nova Petr\u00F3polis","Email":"mworden1l@miitbeian.gov.cn","Department":"Accounting"},{"Id":59,"SSN":"336-16-9502","FirstName":"Aur\u00E9lie","LastName":"Bischop","Gender":"Female","StreetName":"Jenna","StreetNumber":9467,"Zipcode":"9290 EO","City":"Malumfashi","Email":"cbischop1m@geocities.jp","Department":"Accounting"},{"Id":60,"SSN":"638-12-3014","FirstName":"Magdal\u00E8ne","LastName":"Mattingley","Gender":"Male","StreetName":"Eastlawn","StreetNumber":240,"Zipcode":"9844 UQ","City":"Sankwia","Email":"dmattingley1n@twitpic.com","Department":"Product Management"},{"Id":61,"SSN":"305-09-5228","FirstName":"Ma\u00EBly","LastName":"Roycroft","Gender":"","StreetName":"Gulseth","StreetNumber":3,"Zipcode":"1448 IW","City":"Lagoa do Itaenga","Email":"groycroft1o@quantcast.com","Department":"Accounting"},{"Id":62,"SSN":"730-82-2431","FirstName":"C\u00E9line","LastName":"Mellers","Gender":"Female","StreetName":"Algoma","StreetNumber":79845,"Zipcode":"7288 LB","City":"C\u00F3rdoba","Email":"rmellers1p@dailymotion.com","Department":"Support"},{"Id":63,"SSN":"885-15-6215","FirstName":"L\u00E0i","LastName":"Whitehouse","Gender":"","StreetName":"Cardinal","StreetNumber":123,"Zipcode":"6419 BC","City":"Sukawaris","Email":"mwhitehouse1q@symantec.com","Department":"Product Management"},{"Id":64,"SSN":"361-07-5698","FirstName":"G\u00F6sta","LastName":"Hughes","Gender":"Male","StreetName":"Briar Crest","StreetNumber":1,"Zipcode":"0514 KX","City":"Jakhaly","Email":"ghughes1r@tinyurl.com","Department":"Business Development"},{"Id":65,"SSN":"493-50-5138","FirstName":"B\u00E9reng\u00E8re","LastName":"Huffa","Gender":"Male","StreetName":"Homewood","StreetNumber":19011,"Zipcode":"4845 WG","City":"Bondowoso","Email":"lhuffa1s@g.co","Department":"Product Management"},{"Id":66,"SSN":"399-91-8223","FirstName":"Ad\u00E9la\u00EFde","LastName":"Burk","Gender":"Male","StreetName":"Roxbury","StreetNumber":960,"Zipcode":"3323 IX","City":"Holboo","Email":"bburk1t@surveymonkey.com","Department":"Support"},{"Id":67,"SSN":"133-50-8042","FirstName":"Desir\u00E9e","LastName":"Downham","Gender":"Male","StreetName":"Carberry","StreetNumber":3503,"Zipcode":"9308 EW","City":"Qarqaraly","Email":"ddownham1u@adobe.com","Department":"Legal"},{"Id":68,"SSN":"518-56-7804","FirstName":"Ren\u00E9e","LastName":"Munkton","Gender":"","StreetName":"Stang","StreetNumber":65618,"Zipcode":"0450 WY","City":"Monastyrshchina","Email":"cmunkton1v@abc.net.au","Department":"Human Resources"},{"Id":69,"SSN":"876-40-7256","FirstName":"Lo\u00EFca","LastName":"Smaleman","Gender":"Female","StreetName":"Hermina","StreetNumber":60,"Zipcode":"5876 BI","City":"Baopukang","Email":"lsmaleman1w@prlog.org","Department":"Support"},{"Id":70,"SSN":"796-33-4965","FirstName":"Val\u00E9rie","LastName":"Prugel","Gender":"Female","StreetName":"Buhler","StreetNumber":7,"Zipcode":"2787 DS","City":"Butou","Email":"lprugel1x@t.co","Department":"Sales"},{"Id":71,"SSN":"143-73-5336","FirstName":"Ma\u00EFlis","LastName":"Botham","Gender":"Male","StreetName":"Mallory","StreetNumber":29867,"Zipcode":"4263 TK","City":"Mangusu","Email":"bbotham1y@csmonitor.com","Department":"Sales"},{"Id":72,"SSN":"427-70-8003","FirstName":"M\u00E5rten","LastName":"Fawke","Gender":"Male","StreetName":"Barby","StreetNumber":7,"Zipcode":"6280 TG","City":"Managua","Email":"lfawke1z@myspace.com","Department":"Accounting"},{"Id":73,"SSN":"233-29-5034","FirstName":"Ad\u00E9lie","LastName":"McGilvary","Gender":"Male","StreetName":"Briar Crest","StreetNumber":2019,"Zipcode":"2674 HD","City":"Kudang","Email":"kmcgilvary20@answers.com","Department":"Human Resources"},{"Id":74,"SSN":"714-05-8273","FirstName":"M\u00E9line","LastName":"Boyda","Gender":"Female","StreetName":"Vera","StreetNumber":752,"Zipcode":"6626 LX","City":"Jialu","Email":"fboyda21@istockphoto.com","Department":"Product Management"},{"Id":75,"SSN":"111-94-2198","FirstName":"Laur\u00E9na","LastName":"Halwood","Gender":"Female","StreetName":"School","StreetNumber":74,"Zipcode":"8785 ZW","City":"Dzerzhinsk","Email":"shalwood22@sun.com","Department":"Training"},{"Id":76,"SSN":"219-84-1872","FirstName":"V\u00E9nus","LastName":"Zohrer","Gender":"Male","StreetName":"Mifflin","StreetNumber":2,"Zipcode":"2366 ZL","City":"Kasingan","Email":"jzohrer23@senate.gov","Department":"Legal"},{"Id":77,"SSN":"587-71-0099","FirstName":"Agn\u00E8s","LastName":"Ferier","Gender":"Male","StreetName":"Laurel","StreetNumber":1093,"Zipcode":"8831 PG","City":"Mancilang","Email":"gferier24@nasa.gov","Department":"Support"},{"Id":78,"SSN":"401-93-1235","FirstName":"Marie-\u00E8ve","LastName":"Toohey","Gender":"Male","StreetName":"Daystar","StreetNumber":1,"Zipcode":"7750 FO","City":"Ji\u2019an","Email":"dtoohey25@google.fr","Department":"Engineering"},{"Id":79,"SSN":"735-57-7300","FirstName":"Ma\u00EBlle","LastName":"Westrope","Gender":"Female","StreetName":"Melby","StreetNumber":486,"Zipcode":"3267 GG","City":"Quthing","Email":"dwestrope26@about.me","Department":"Support"},{"Id":80,"SSN":"816-08-0623","FirstName":"Val\u00E9rie","LastName":"Ethridge","Gender":"Female","StreetName":"Hanover","StreetNumber":852,"Zipcode":"8299 EF","City":"Albuquerque","Email":"lethridge27@freewebs.com","Department":"Sales"},{"Id":81,"SSN":"432-80-6801","FirstName":"Marie-no\u00EBl","LastName":"Mawby","Gender":"Female","StreetName":"Donald","StreetNumber":74,"Zipcode":"5951 LK","City":"Salavat","Email":"amawby28@jalbum.net","Department":"Research and Development"},{"Id":82,"SSN":"379-90-4202","FirstName":"J\u00FA","LastName":"Gorry","Gender":"","StreetName":"Maple Wood","StreetNumber":931,"Zipcode":"1558 UO","City":"Laoxingchang","Email":"ggorry29@auda.org.au","Department":"Marketing"},{"Id":83,"SSN":"282-15-5123","FirstName":"Ma\u00EFlys","LastName":"Bavin","Gender":"Male","StreetName":"Kinsman","StreetNumber":7788,"Zipcode":"5554 AY","City":"Daveluyville","Email":"mbavin2a@nbcnews.com","Department":"Product Management"},{"Id":84,"SSN":"786-24-1687","FirstName":"M\u00E9line","LastName":"Nobriga","Gender":"Female","StreetName":"Maple","StreetNumber":5,"Zipcode":"3898 SB","City":"Santa Barbara","Email":"snobriga2b@studiopress.com","Department":"Legal"},{"Id":85,"SSN":"153-94-4301","FirstName":"Desir\u00E9e","LastName":"Zukerman","Gender":"Male","StreetName":"Hoepker","StreetNumber":64,"Zipcode":"0056 MI","City":"Karabudakhkent","Email":"kzukerman2c@google.ru","Department":"Training"},{"Id":86,"SSN":"675-20-7693","FirstName":"Andr\u00E9e","LastName":"Sandall","Gender":"Male","StreetName":"Merchant","StreetNumber":15278,"Zipcode":"2114 ZV","City":"Sydney","Email":"nsandall2d@ameblo.jp","Department":"Services"},{"Id":87,"SSN":"716-49-1617","FirstName":"S\u00E9l\u00E8ne","LastName":"Pantone","Gender":"Male","StreetName":"Hauk","StreetNumber":8901,"Zipcode":"2007 QU","City":"Amparafaravola","Email":"spantone2e@time.com","Department":"Support"},{"Id":88,"SSN":"696-87-0679","FirstName":"Genevi\u00E8ve","LastName":"Demetr","Gender":"Male","StreetName":"Elmside","StreetNumber":528,"Zipcode":"0188 MC","City":"Punta Hermosa","Email":"vdemetr2f@hatena.ne.jp","Department":"Services"},{"Id":89,"SSN":"434-97-5701","FirstName":"B\u00E9atrice","LastName":"Slarke","Gender":"Female","StreetName":"Burning Wood","StreetNumber":4936,"Zipcode":"0937 MU","City":"Dalang","Email":"aslarke2g@narod.ru","Department":"Product Management"},{"Id":90,"SSN":"253-47-2695","FirstName":"Gis\u00E8le","LastName":"Josephoff","Gender":"Female","StreetName":"Delaware","StreetNumber":28192,"Zipcode":"1858 CQ","City":"Banjar Tibubiyu Kaja","Email":"ajosephoff2h@twitpic.com","Department":"Marketing"},{"Id":91,"SSN":"436-08-8403","FirstName":"G\u00F6ran","LastName":"Vigar","Gender":"Female","StreetName":"Larry","StreetNumber":22521,"Zipcode":"6655 GF","City":"Sankanan","Email":"dvigar2i@miitbeian.gov.cn","Department":"Accounting"},{"Id":92,"SSN":"145-65-3857","FirstName":"Ru\u00F2","LastName":"Sandland","Gender":"Male","StreetName":"Main","StreetNumber":2459,"Zipcode":"0506 LG","City":"Gaojimiao","Email":"dsandland2j@auda.org.au","Department":"Marketing"},{"Id":93,"SSN":"157-95-1924","FirstName":"Andr\u00E9anne","LastName":"Gibben","Gender":"Female","StreetName":"Ryan","StreetNumber":0,"Zipcode":"2448 RP","City":"Pakenjeng","Email":"zgibben2k@cyberchimps.com","Department":"Engineering"},{"Id":94,"SSN":"160-68-1435","FirstName":"Mil\u00E9na","LastName":"Pierucci","Gender":"Female","StreetName":"Cardinal","StreetNumber":685,"Zipcode":"6785 XJ","City":"Bijela","Email":"dpierucci2l@bing.com","Department":"Business Development"},{"Id":95,"SSN":"178-20-8454","FirstName":"Oph\u00E9lie","LastName":"Jarrad","Gender":"Female","StreetName":"Norway Maple","StreetNumber":812,"Zipcode":"1920 IA","City":"Dobrica","Email":"djarrad2m@tuttocitta.it","Department":"Services"},{"Id":96,"SSN":"587-16-1942","FirstName":"L\u00E9onie","LastName":"Pol","Gender":"Female","StreetName":"Coolidge","StreetNumber":2941,"Zipcode":"2944 PZ","City":"Jiatou","Email":"cpol2n@linkedin.com","Department":"Legal"},{"Id":97,"SSN":"197-92-6202","FirstName":"Int\u00E9ressant","LastName":"Wegner","Gender":"Male","StreetName":"Sutteridge","StreetNumber":9179,"Zipcode":"8354 MU","City":"Abricots","Email":"hwegner2o@jalbum.net","Department":"Legal"},{"Id":98,"SSN":"197-78-8026","FirstName":"Magdal\u00E8ne","LastName":"Adamovicz","Gender":"Female","StreetName":"3rd","StreetNumber":99,"Zipcode":"3085 DL","City":"Santa Cruz de El Seibo","Email":"aadamovicz2p@youtu.be","Department":"Product Management"},{"Id":99,"SSN":"853-22-2920","FirstName":"T\u00E1ng","LastName":"Chalcot","Gender":"","StreetName":"Heffernan","StreetNumber":2477,"Zipcode":"5550 RG","City":"Grand Sable","Email":"tchalcot2q@dailymail.co.uk","Department":"Sales"},{"Id":100,"SSN":"822-83-5952","FirstName":"Ru\u00EC","LastName":"Faro","Gender":"Male","StreetName":"Mandrake","StreetNumber":27,"Zipcode":"3548 GO","City":"Napnapan","Email":"rfaro2r@cpanel.net","Department":"Training"},{"Id":101,"SSN":"657-23-8004","FirstName":"B\u00E9cassine","LastName":"Wraith","Gender":"Male","StreetName":"Scofield","StreetNumber":8368,"Zipcode":"5093 RN","City":"Wielki Kack","Email":"pwraith2s@bigcartel.com","Department":"Training"},{"Id":102,"SSN":"584-83-3274","FirstName":"Lys\u00E9a","LastName":"Jeanel","Gender":"Male","StreetName":"Golf Course","StreetNumber":2,"Zipcode":"7409 VV","City":"Ondangwa","Email":"cjeanel2t@smugmug.com","Department":"Support"},{"Id":103,"SSN":"757-71-7263","FirstName":"B\u00E9n\u00E9dicte","LastName":"Calow","Gender":"Male","StreetName":"Sloan","StreetNumber":86602,"Zipcode":"1426 TU","City":"Junqueiro","Email":"ccalow2u@csmonitor.com","Department":"Training"},{"Id":104,"SSN":"201-64-8582","FirstName":"V\u00E9nus","LastName":"Geeson","Gender":"Female","StreetName":"Continental","StreetNumber":4,"Zipcode":"9139 KJ","City":"Kortkeros","Email":"egeeson2v@t-online.de","Department":"Human Resources"},{"Id":105,"SSN":"657-56-8891","FirstName":"M\u00E5ns","LastName":"Maccrea","Gender":"Male","StreetName":"Fremont","StreetNumber":86,"Zipcode":"9219 KK","City":"Zubtsov","Email":"gmaccrea2w@facebook.com","Department":"Business Development"},{"Id":106,"SSN":"189-36-3842","FirstName":"Ma\u00EBlann","LastName":"Moan","Gender":"Male","StreetName":"Southridge","StreetNumber":65531,"Zipcode":"2775 XT","City":"R\u00FDma\u0159ov","Email":"rmoan2x@simplemachines.org","Department":"Business Development"},{"Id":107,"SSN":"617-63-4555","FirstName":"Zh\u00EC","LastName":"Godrich","Gender":"Female","StreetName":"Redwing","StreetNumber":4905,"Zipcode":"0159 NE","City":"Mala Danylivka","Email":"mgodrich2y@angelfire.com","Department":"Accounting"},{"Id":108,"SSN":"776-18-9204","FirstName":"Zh\u00EC","LastName":"Tomkiss","Gender":"Female","StreetName":"Mosinee","StreetNumber":4,"Zipcode":"3952 SL","City":"Ja\u0161a Tomi\u0107","Email":"ltomkiss2z@1und1.de","Department":"Business Development"},{"Id":109,"SSN":"158-12-3286","FirstName":"Clo\u00E9","LastName":"Masserel","Gender":"Female","StreetName":"Beilfuss","StreetNumber":0,"Zipcode":"1091 LX","City":"Dorval","Email":"hmasserel30@nasa.gov","Department":"Services"},{"Id":110,"SSN":"803-37-5504","FirstName":"Cl\u00E9lia","LastName":"Cudworth","Gender":"Male","StreetName":"Springs","StreetNumber":8775,"Zipcode":"7183 QR","City":"Cidade Velha","Email":"gcudworth31@noaa.gov","Department":"Services"},{"Id":111,"SSN":"787-72-7592","FirstName":"Int\u00E9ressant","LastName":"Vannikov","Gender":"Male","StreetName":"Old Shore","StreetNumber":1817,"Zipcode":"9399 ZP","City":"El Paso","Email":"mvannikov32@intel.com","Department":"Business Development"},{"Id":112,"SSN":"724-14-3566","FirstName":"H\u00E9l\u00E8ne","LastName":"Brusin","Gender":"Female","StreetName":"Di Loreto","StreetNumber":2841,"Zipcode":"6674 JX","City":"Los Pinos","Email":"jbrusin33@examiner.com","Department":"Accounting"},{"Id":113,"SSN":"249-51-3819","FirstName":"M\u00E9ghane","LastName":"Oldman","Gender":"Female","StreetName":"Oak","StreetNumber":77,"Zipcode":"2539 GE","City":"Santo Adri\u00E3o Vizela","Email":"poldman34@homestead.com","Department":"Engineering"},{"Id":114,"SSN":"584-55-4694","FirstName":"M\u00E9lodie","LastName":"Gartery","Gender":"","StreetName":"Knutson","StreetNumber":93686,"Zipcode":"1745 MY","City":"Kuala Terengganu","Email":"agartery35@tamu.edu","Department":"Human Resources"},{"Id":115,"SSN":"711-09-8021","FirstName":"B\u00E9atrice","LastName":"Fawlkes","Gender":"Male","StreetName":"Dapin","StreetNumber":68,"Zipcode":"8543 PI","City":"Bulualto","Email":"mfawlkes36@sbwire.com","Department":"Engineering"},{"Id":116,"SSN":"151-44-7482","FirstName":"Oc\u00E9ane","LastName":"Stollmeyer","Gender":"Male","StreetName":"Arkansas","StreetNumber":457,"Zipcode":"0022 EB","City":"Mutoko","Email":"hstollmeyer37@nhs.uk","Department":"Marketing"},{"Id":117,"SSN":"829-84-6202","FirstName":"U\u00F2","LastName":"Hubball","Gender":"Male","StreetName":"Service","StreetNumber":80,"Zipcode":"8563 ZT","City":"Andalan","Email":"chubball38@huffingtonpost.com","Department":"Human Resources"},{"Id":118,"SSN":"648-56-7185","FirstName":"L\u00E9one","LastName":"Rubbens","Gender":"Male","StreetName":"Westerfield","StreetNumber":15,"Zipcode":"8146 EY","City":"Villeneuve-la-Garenne","Email":"frubbens39@mail.ru","Department":"Business Development"},{"Id":119,"SSN":"158-46-9251","FirstName":"Lo\u00EFca","LastName":"Couche","Gender":"Male","StreetName":"Washington","StreetNumber":6059,"Zipcode":"5551 QU","City":"L\u2019govskiy","Email":"lcouche3a@icio.us","Department":"Engineering"},{"Id":120,"SSN":"449-88-5111","FirstName":"R\u00E9becca","LastName":"Ledington","Gender":"Female","StreetName":"Utah","StreetNumber":2,"Zipcode":"9907 WT","City":"Yuzawa","Email":"dledington3b@yellowbook.com","Department":"Training"},{"Id":121,"SSN":"637-24-4112","FirstName":"\u00C5ke","LastName":"Pengilly","Gender":"Male","StreetName":"Novick","StreetNumber":99355,"Zipcode":"8691 BG","City":"Norman Wells","Email":"rpengilly3c@facebook.com","Department":"Marketing"},{"Id":122,"SSN":"241-06-5766","FirstName":"Rach\u00E8le","LastName":"Sandells","Gender":"Male","StreetName":"Northview","StreetNumber":5,"Zipcode":"5783 NQ","City":"Lubao","Email":"gsandells3d@tiny.cc","Department":"Training"},{"Id":123,"SSN":"780-10-7670","FirstName":"Simplifi\u00E9s","LastName":"Baxendale","Gender":"Male","StreetName":"Eagan","StreetNumber":367,"Zipcode":"5045 SY","City":"Jin\u2019an","Email":"tbaxendale3e@dailymail.co.uk","Department":"Training"},{"Id":124,"SSN":"299-57-0290","FirstName":"V\u00E9ronique","LastName":"Stiffkins","Gender":"Male","StreetName":"Commercial","StreetNumber":2,"Zipcode":"8094 OF","City":"Dmitriyevskaya","Email":"hstiffkins3f@mashable.com","Department":"Business Development"},{"Id":125,"SSN":"646-18-7317","FirstName":"S\u00F2ng","LastName":"Warboy","Gender":"Female","StreetName":"Scofield","StreetNumber":8,"Zipcode":"6235 NR","City":"Zarechnyy","Email":"lwarboy3g@privacy.gov.au","Department":"Support"},{"Id":126,"SSN":"852-64-4344","FirstName":"Cl\u00E9mentine","LastName":"Siderfin","Gender":"","StreetName":"Southridge","StreetNumber":6248,"Zipcode":"3786 NF","City":"Sundsvall","Email":"gsiderfin3h@psu.edu","Department":"Research and Development"},{"Id":127,"SSN":"623-18-2021","FirstName":"Ang\u00E9lique","LastName":"Epperson","Gender":"","StreetName":"Barby","StreetNumber":28499,"Zipcode":"9565 SW","City":"New York City","Email":"kepperson3i@wp.com","Department":"Services"},{"Id":128,"SSN":"732-23-5315","FirstName":"Cl\u00E9a","LastName":"Morrill","Gender":"Male","StreetName":"Pepper Wood","StreetNumber":7,"Zipcode":"8457 KV","City":"Bulumulyo","Email":"emorrill3j@cbc.ca","Department":"Legal"},{"Id":129,"SSN":"877-68-5340","FirstName":"L\u00E9andre","LastName":"Brocking","Gender":"","StreetName":"Westerfield","StreetNumber":6656,"Zipcode":"2215 RR","City":"Arau\u00E1","Email":"abrocking3k@mapquest.com","Department":"Training"},{"Id":130,"SSN":"789-26-3257","FirstName":"Audr\u00E9anne","LastName":"Tennet","Gender":"Female","StreetName":"Holmberg","StreetNumber":9,"Zipcode":"5434 WN","City":"Sam Phran","Email":"jtennet3l@desdev.cn","Department":"Marketing"},{"Id":131,"SSN":"217-56-5912","FirstName":"Illustr\u00E9e","LastName":"Heibel","Gender":"Male","StreetName":"4th","StreetNumber":0,"Zipcode":"8417 OC","City":"Kromasan","Email":"cheibel3m@vimeo.com","Department":"Engineering"},{"Id":132,"SSN":"635-90-1429","FirstName":"Zh\u00EC","LastName":"Grichukhanov","Gender":"Male","StreetName":"Fieldstone","StreetNumber":26,"Zipcode":"0092 OE","City":"Huazhu","Email":"lgrichukhanov3n@census.gov","Department":"Research and Development"},{"Id":133,"SSN":"164-81-4214","FirstName":"Laur\u00E8ne","LastName":"Forestel","Gender":"Female","StreetName":"Spenser","StreetNumber":201,"Zipcode":"1065 CP","City":"Guozhen","Email":"rforestel3o@dion.ne.jp","Department":"Services"},{"Id":134,"SSN":"403-48-1674","FirstName":"V\u00E9rane","LastName":"Geertz","Gender":"Male","StreetName":"Schmedeman","StreetNumber":6,"Zipcode":"2899 OG","City":"Vila do Maio","Email":"dgeertz3p@delicious.com","Department":"Services"},{"Id":135,"SSN":"795-83-9038","FirstName":"G\u00E9rald","LastName":"Bourdel","Gender":"Male","StreetName":"Sachs","StreetNumber":1466,"Zipcode":"0824 BT","City":"Cabalaoangan","Email":"dbourdel3q@huffingtonpost.com","Department":"Services"},{"Id":136,"SSN":"385-99-4834","FirstName":"Marie-no\u00EBl","LastName":"Matzel","Gender":"Male","StreetName":"Ramsey","StreetNumber":8,"Zipcode":"6334 RI","City":"Zhaixi","Email":"smatzel3r@shutterfly.com","Department":"Product Management"},{"Id":137,"SSN":"244-36-7946","FirstName":"Y\u00FA","LastName":"Josephs","Gender":"Female","StreetName":"Stang","StreetNumber":644,"Zipcode":"9388 RR","City":"Ngreco","Email":"gjosephs3s@myspace.com","Department":"Human Resources"},{"Id":138,"SSN":"121-56-6253","FirstName":"B\u00E9cassine","LastName":"Culkin","Gender":"Male","StreetName":"Westport","StreetNumber":9,"Zipcode":"8602 KF","City":"Qikeshu","Email":"mculkin3t@nytimes.com","Department":"Product Management"},{"Id":139,"SSN":"207-46-8069","FirstName":"Lucr\u00E8ce","LastName":"Nary","Gender":"Female","StreetName":"Upham","StreetNumber":8,"Zipcode":"2299 KV","City":"Jadowniki Mokre","Email":"anary3u@sbwire.com","Department":"Research and Development"},{"Id":140,"SSN":"130-41-7113","FirstName":"Audr\u00E9anne","LastName":"Scripps","Gender":"Male","StreetName":"School","StreetNumber":221,"Zipcode":"9929 MZ","City":"Washington","Email":"kscripps3v@berkeley.edu","Department":"Research and Development"},{"Id":141,"SSN":"572-11-1759","FirstName":"Mil\u00E9na","LastName":"de Tocqueville","Gender":"","StreetName":"Texas","StreetNumber":48842,"Zipcode":"5079 GR","City":"Makrych\u00F3ri","Email":"bdetocqueville3w@twitpic.com","Department":"Engineering"},{"Id":142,"SSN":"717-06-7755","FirstName":"Ma\u00EBlla","LastName":"Cancelier","Gender":"Male","StreetName":"Northland","StreetNumber":9,"Zipcode":"1294 NF","City":"Dorotea","Email":"bcancelier3x@friendfeed.com","Department":"Legal"},{"Id":143,"SSN":"671-92-6579","FirstName":"L\u00E9onie","LastName":"Millmoe","Gender":"Male","StreetName":"International","StreetNumber":8,"Zipcode":"2229 QF","City":"Hegarmanah","Email":"smillmoe3y@ovh.net","Department":"Business Development"},{"Id":144,"SSN":"531-75-2126","FirstName":"Ma\u00EBlla","LastName":"Spilsted","Gender":"Female","StreetName":"Utah","StreetNumber":1803,"Zipcode":"9676 KQ","City":"Tuojiang","Email":"rspilsted3z@multiply.com","Department":"Human Resources"},{"Id":145,"SSN":"407-13-3764","FirstName":"M\u00E9ghane","LastName":"McCloud","Gender":"Female","StreetName":"Di Loreto","StreetNumber":342,"Zipcode":"6405 WL","City":"Nizao","Email":"gmccloud40@rambler.ru","Department":"Legal"},{"Id":146,"SSN":"828-97-8057","FirstName":"Publicit\u00E9","LastName":"Bartrop","Gender":"Female","StreetName":"Merry","StreetNumber":33141,"Zipcode":"8084 GQ","City":"Miribanteng","Email":"nbartrop41@psu.edu","Department":"Product Management"},{"Id":147,"SSN":"257-85-5133","FirstName":"V\u00E9ronique","LastName":"Konzel","Gender":"Female","StreetName":"Nobel","StreetNumber":55,"Zipcode":"3438 BQ","City":"Lewodoli","Email":"skonzel42@sourceforge.net","Department":"Accounting"},{"Id":148,"SSN":"145-93-4038","FirstName":"Cl\u00E9lia","LastName":"Spurling","Gender":"Male","StreetName":"Kedzie","StreetNumber":981,"Zipcode":"1745 XI","City":"Lysice","Email":"jspurling43@businessinsider.com","Department":"Services"},{"Id":149,"SSN":"600-31-2335","FirstName":"Jos\u00E9phine","LastName":"Zanettini","Gender":"Female","StreetName":"Old Gate","StreetNumber":6620,"Zipcode":"2962 NO","City":"Bor\u00E5s","Email":"ezanettini44@themeforest.net","Department":"Human Resources"},{"Id":150,"SSN":"209-54-6361","FirstName":"Annot\u00E9e","LastName":"Goodlatt","Gender":"Female","StreetName":"Mccormick","StreetNumber":3978,"Zipcode":"1766 DW","City":"Horn\u00F3wek","Email":"tgoodlatt45@mapquest.com","Department":"Marketing"},{"Id":151,"SSN":"669-79-8704","FirstName":"L\u00E9a","LastName":"Bratley","Gender":"Male","StreetName":"Kedzie","StreetNumber":36,"Zipcode":"9905 HW","City":"Zaraza","Email":"gbratley46@blogs.com","Department":"Engineering"},{"Id":152,"SSN":"161-27-3350","FirstName":"P\u00F2","LastName":"Paling","Gender":"Female","StreetName":"Sugar","StreetNumber":40395,"Zipcode":"2658 XK","City":"Ugbokpo","Email":"tpaling47@forbes.com","Department":"Human Resources"},{"Id":153,"SSN":"770-66-1325","FirstName":"V\u00E9ronique","LastName":"Frawley","Gender":"Male","StreetName":"Jenna","StreetNumber":8468,"Zipcode":"6284 QT","City":"Kabongan Kidul","Email":"bfrawley48@techcrunch.com","Department":"Engineering"},{"Id":154,"SSN":"186-62-0438","FirstName":"Ad\u00E8le","LastName":"Duesberry","Gender":"Male","StreetName":"Huxley","StreetNumber":60237,"Zipcode":"8713 ZD","City":"Radom","Email":"jduesberry49@wordpress.com","Department":"Support"},{"Id":155,"SSN":"426-22-3606","FirstName":"\u00C5ke","LastName":"Mozzi","Gender":"Female","StreetName":"Parkside","StreetNumber":82557,"Zipcode":"2188 BP","City":"Valada","Email":"mmozzi4a@foxnews.com","Department":"Research and Development"},{"Id":156,"SSN":"103-03-2740","FirstName":"B\u00F6rje","LastName":"Hughlock","Gender":"Female","StreetName":"Sutherland","StreetNumber":7380,"Zipcode":"6487 KJ","City":"Siasi","Email":"vhughlock4b@pagesperso-orange.fr","Department":"Sales"},{"Id":157,"SSN":"619-14-8470","FirstName":"Na\u00E9va","LastName":"Garrettson","Gender":"Male","StreetName":"Delladonna","StreetNumber":20898,"Zipcode":"5527 SW","City":"Paola","Email":"jgarrettson4c@ed.gov","Department":"Human Resources"},{"Id":158,"SSN":"266-90-4476","FirstName":"L\u00E8i","LastName":"Adshede","Gender":"Male","StreetName":"Green Ridge","StreetNumber":1,"Zipcode":"9037 JR","City":"Talisayan","Email":"madshede4d@wiley.com","Department":"Product Management"},{"Id":159,"SSN":"273-37-8791","FirstName":"A\u00ED","LastName":"Landsborough","Gender":"Female","StreetName":"Gulseth","StreetNumber":26480,"Zipcode":"2793 YF","City":"Puerto Berr\u00EDo","Email":"glandsborough4e@google.co.uk","Department":"Accounting"},{"Id":160,"SSN":"414-03-5716","FirstName":"L\u00E9ane","LastName":"Estable","Gender":"Female","StreetName":"Superior","StreetNumber":942,"Zipcode":"8135 US","City":"Tash-Kumyr","Email":"testable4f@arizona.edu","Department":"Legal"},{"Id":161,"SSN":"574-79-4777","FirstName":"D\u00E0","LastName":"Scriver","Gender":"Male","StreetName":"Fordem","StreetNumber":7718,"Zipcode":"5999 QU","City":"Kurz\u0119tnik","Email":"ascriver4g@sciencedirect.com","Department":"Accounting"},{"Id":162,"SSN":"544-01-4523","FirstName":"No\u00E9mie","LastName":"Winwright","Gender":"Female","StreetName":"Eagan","StreetNumber":4,"Zipcode":"5274 UV","City":"Ruokolahti","Email":"cwinwright4h@smugmug.com","Department":"Research and Development"},{"Id":163,"SSN":"386-17-4710","FirstName":"Zh\u00EC","LastName":"Pallatina","Gender":"Male","StreetName":"Veith","StreetNumber":5838,"Zipcode":"2106 MR","City":"Rangxi","Email":"bpallatina4i@feedburner.com","Department":"Sales"},{"Id":164,"SSN":"532-19-4639","FirstName":"R\u00E9jane","LastName":"Blacklidge","Gender":"Female","StreetName":"Grayhawk","StreetNumber":629,"Zipcode":"0017 FK","City":"Granada","Email":"jblacklidge4j@unesco.org","Department":"Legal"},{"Id":165,"SSN":"870-85-4010","FirstName":"Y\u00E8","LastName":"Lill","Gender":"Female","StreetName":"Charing Cross","StreetNumber":9296,"Zipcode":"0896 LG","City":"Torslanda","Email":"klill4k@w3.org","Department":"Training"},{"Id":166,"SSN":"697-20-3469","FirstName":"Ang\u00E9lique","LastName":"Sinncock","Gender":"Female","StreetName":"Village Green","StreetNumber":399,"Zipcode":"8959 LW","City":"Nanhe","Email":"msinncock4l@yahoo.co.jp","Department":"Research and Development"},{"Id":167,"SSN":"574-03-6017","FirstName":"Chlo\u00E9","LastName":"Androletti","Gender":"Male","StreetName":"Truax","StreetNumber":690,"Zipcode":"1126 FA","City":"Fagersta","Email":"uandroletti4m@phpbb.com","Department":"Accounting"},{"Id":168,"SSN":"440-72-2370","FirstName":"Marie-jos\u00E9e","LastName":"Glynne","Gender":"Male","StreetName":"Pond","StreetNumber":20272,"Zipcode":"7712 RO","City":"Nice","Email":"jglynne4n@w3.org","Department":"Services"},{"Id":169,"SSN":"298-22-1577","FirstName":"Erw\u00E9i","LastName":"Putman","Gender":"Male","StreetName":"Everett","StreetNumber":6115,"Zipcode":"2473 BK","City":"Ngaruawahia","Email":"jputman4o@reference.com","Department":"Marketing"},{"Id":170,"SSN":"372-89-0401","FirstName":"Lo\u00EFs","LastName":"Poyser","Gender":"","StreetName":"Florence","StreetNumber":86906,"Zipcode":"4001 TM","City":"Nashville","Email":"dpoyser4p@github.com","Department":"Product Management"},{"Id":171,"SSN":"196-66-6581","FirstName":"\u00C5sa","LastName":"Kennefick","Gender":"Female","StreetName":"Acker","StreetNumber":710,"Zipcode":"1908 FM","City":"Jatiraya","Email":"dkennefick4q@abc.net.au","Department":"Support"},{"Id":172,"SSN":"445-93-7477","FirstName":"Est\u00E8ve","LastName":"Farries","Gender":"Female","StreetName":"Commercial","StreetNumber":48115,"Zipcode":"4196 BV","City":"Garoua Boula\u00EF","Email":"tfarries4r@icio.us","Department":"Legal"},{"Id":173,"SSN":"424-25-9478","FirstName":"Cr\u00E9\u00E9z","LastName":"Balbeck","Gender":"Female","StreetName":"Monica","StreetNumber":347,"Zipcode":"0525 AF","City":"Taman","Email":"ebalbeck4s@naver.com","Department":"Marketing"},{"Id":174,"SSN":"574-05-7802","FirstName":"Lucr\u00E8ce","LastName":"Baddeley","Gender":"Female","StreetName":"Evergreen","StreetNumber":8407,"Zipcode":"5635 YN","City":"La Luz","Email":"gbaddeley4t@feedburner.com","Department":"Support"},{"Id":175,"SSN":"324-54-6969","FirstName":"Val\u00E9rie","LastName":"Rumin","Gender":"Male","StreetName":"Village","StreetNumber":3,"Zipcode":"4731 PU","City":"Bemposta","Email":"frumin4u@google.ru","Department":"Support"}]}